{
  "name": "Slack Pin Message",
  "form": "c54bf398-ffd7-4720-b4c0-2ba1b37c5a37",
  "blocks": [
    {
      "id": "1b8a6951-33d3-4912-864d-7593a913e286",
      "label": "Post to Channel",
      "environment": "HOSTED",
      "presentation": "{\"w\":60,\"x\":786,\"h\":60,\"y\":318}",
      "step": "35beee73-56f6-5ecf-ba71-484f79304feb",
      "stepType": "SCRIPT_STEP",
      "inputMappings": [
        {
          "inputPort": "input",
          "mapping": "true",
          "stepInput": "970a1655-965c-51e7-bf6d-6fe3da8af91f"
        }
      ]
    },
    {
      "id": "c8666117-f487-4481-a29f-d375f21ad2a5",
      "label": "Slack - Pin Message",
      "environment": "HOSTED",
      "presentation": "{\"w\":60,\"x\":929,\"h\":60,\"y\":318}",
      "step": "ea67d785-3a65-4feb-b918-2f1e64052d93",
      "stepType": "SCRIPT_STEP",
      "inputMappings": [
        {
          "inputPort": "input",
          "mapping": "${1b8a6951-33d3-4912-864d-7593a913e286.Channel ID}",
          "stepInput": "b2ef985f-6990-4e8d-b708-8bddbe0a63ff"
        },
        {
          "inputPort": "input",
          "mapping": "${1b8a6951-33d3-4912-864d-7593a913e286.Thread Timestamp}",
          "stepInput": "36e5205a-688a-41ca-b810-9078634d953f"
        }
      ]
    },
    {
      "id": "5c4bb2cc-f9c6-4d25-9c8f-fa5563243fce",
      "label": "Slack Pin Message - Do Nothing Trigger",
      "environment": "HOSTED",
      "presentation": "{\"w\":60,\"x\":651,\"h\":60,\"y\":318}",
      "step": "3f87064d-5520-424b-8efc-98b1bfa3028b",
      "stepType": "INTEGRATION"
    }
  ],
  "edges": [
    {
      "fromBlock": "1b8a6951-33d3-4912-864d-7593a913e286",
      "fromPort": "output",
      "toBlock": "c8666117-f487-4481-a29f-d375f21ad2a5",
      "toPort": "input"
    },
    {
      "fromBlock": "5c4bb2cc-f9c6-4d25-9c8f-fa5563243fce",
      "fromPort": "output",
      "toBlock": "1b8a6951-33d3-4912-864d-7593a913e286",
      "toPort": "input"
    }
  ]
}