{
  "integrations": [
    {
      "id": "3f87064d-5520-424b-8efc-98b1bfa3028b",
      "name": "Slack Pin Message - Do Nothing Trigger",
      "action": "RUN_SCRIPT",
      "type": "INBOUND_WEBHOOK",
      "deployed": true,
      "form": "c54bf398-ffd7-4720-b4c0-2ba1b37c5a37",
      "environment": "HOSTED",
      "authType": "URL",
      "createdBy": "FLOW",
      "integrationScriptStepUuid": "5e613c64-5af9-4485-8abd-94c0231c9f04"
    }
  ],
  "endpoints": [
    {
      "name": "Slack",
      "baseUrl": "https://slack.com/api",
      "type": "EXTERNAL",
      "authentication": "OAUTH_SLACK"
    }
  ],
  "constants": [
    {
      "name": "Slack Token",
      "value": "token here",
      "description": "token"
    }
  ]
}