[
  {
    "id": "5e613c64-5af9-4485-8abd-94c0231c9f04",
    "name": "Do Nothing Trigger",
    "description": "Just triggers a flow",
    "icon": "/static/images/script_steps/http-trigger.png",
    "script": "//",
    "endpointLabel": "",
    "allowedEnvironment": "HOSTED",
    "accessibleByAll": "NotShared",
    "scriptStepType": "CUSTOM_HTTP",
    "inputs": [],
    "outputs": [
      {
        "id": "c2d88124-ccdc-40d3-a200-8b03e31348e1",
        "name": "Data",
        "description": "",
        "position": 0
      }
    ],
    "libraries": []
  },
  {
    "id": "ea67d785-3a65-4feb-b918-2f1e64052d93",
    "name": "Slack - Pin Message",
    "description": "This pins a message in Slack.",
    "icon": "https://s3-xmatters-static.s3.amazonaws.com/null/customers/aa4ff4cd-06da-460c-b2d0-bb34ad66da69/IMAGE__20200219002513841__slack.png",
    "script": "/**\n * Http request generator\n * @param {String} method An uppercased HTTP method\n * @param {String} path   A path to be appended to the Slack API baseURL\n * @param {{}} payload    An optional payload object for POST requests\n * @returns {{}}          The API response on success\n */\nfunction makeAndValidateRequest(method, path, payload) {\n  var request = http.request({\n    endpoint: 'Slack',\n    headers: {\n      'Authorization': 'Bearer ' + input['Token']\n    },\n    method: method,\n    path: path\n  });\n  var response;\n  if (payload) {\n    response = request.write(payload);\n  } else {\n    response = request.write();\n  }\n  if (response.statusCode >= 200 && response.statusCode < 300) {\n    output['ok'] = \"true\";\n    return response;\n  } else {\n    var error;\n    try {\n      var respBody = JSON.parse(response.body);\n      error = ' error: ' + respBody.error;\n    } catch (e) {\n      error = ': ' + response.body;\n    }\n    var errorReason = 'Slack API returned '\n    + '[' + response.statusCode + '] '\n    + 'and the following'\n    + error;\n    output['error'] = errorReason;\n    output['ok'] = \"false\";\n    throw new Error(buildErrorMessage(channelNameSent, errorReason));\n  }\n}\n\nvar payload = {\n    channel: input['Channel'],\n    timestamp: input['Timestamp']\n}\n\nmakeAndValidateRequest(\"POST\", \"/pins.add\", payload);",
    "endpointAuthType": "OAUTH_SLACK",
    "endpointLabel": "Slack",
    "allowedEnvironment": "HOSTED",
    "accessibleByAll": "NotShared",
    "scriptStepType": "USER",
    "inputs": [
      {
        "id": "b2ef985f-6990-4e8d-b708-8bddbe0a63ff",
        "name": "Channel",
        "helpText": "The human readable channel name, or the channel ID.",
        "multiline": false,
        "required": true,
        "maxLength": 2000,
        "minLength": 0,
        "position": 0
      },
      {
        "id": "36e5205a-688a-41ca-b810-9078634d953f",
        "name": "Timestamp",
        "helpText": "The timestamp of the message to pin. This value can be from the `Post Message` Slack step.",
        "defaultValue": "",
        "multiline": false,
        "required": true,
        "maxLength": 2000,
        "minLength": 0,
        "position": 1
      },
      {
        "id": "3202d17b-32b2-4a80-8207-c922e05cb255",
        "name": "Token",
        "helpText": "Your OAuth User Access Token from Slack",
        "defaultValue": "",
        "multiline": false,
        "required": true,
        "maxLength": 2000,
        "minLength": 0,
        "position": 2
      }
    ],
    "outputs": [
      {
        "id": "d273d241-6456-4bee-bdf6-3927a0d6e930",
        "name": "ok",
        "position": 0
      },
      {
        "id": "45c5e7c3-116a-427e-acdd-0e140a08fa03",
        "name": "error",
        "position": 1
      }
    ],
    "libraries": []
  }
]